INSERT INTO public.projects (id, archived, rate, title) VALUES (1, null, 1000.00, 'Ravenclaw');
INSERT INTO public.projects (id, archived, rate, title) VALUES (2, null, 1500.00, 'Thunderbird');
INSERT INTO public.projects (id, archived, rate, title) VALUES (3, null, 2000.00, 'Wampus');
INSERT INTO public.projects (id, archived, rate, title) VALUES (4, null, 2500.00, 'Hufflepuff');

-- ADMIN: a.dumbledore@hogwarts.hp | qwerty11
INSERT INTO public.users (email, name, password, role, state, invite_token) VALUES ('a.dumbledore@hogwarts.hp', 'Albus Dumbledore', '$2a$10$85syb5AiRtDCFXxl7iC4iu0lXM1blCxvFVISFLcUV1Pef6pdPNiVm', 'ADMIN', 'ACTIVE', null);
INSERT INTO public.users (email, name, password, role, state, invite_token) VALUES ('r.weasley@hogwarts.hp', 'Ronald Weasley', '$2a$10$85syb5AiRtDCFXxl7iC4iu0lXM1blCxvFVISFLcUV1Pef6pdPNiVm', 'USER', 'ACTIVE', null);
INSERT INTO public.users (email, name, password, role, state, invite_token) VALUES ('h.potter@hogwarts.hp', 'Harry Potter', '$2a$10$85syb5AiRtDCFXxl7iC4iu0lXM1blCxvFVISFLcUV1Pef6pdPNiVm', 'USER', 'ACTIVE', null);

INSERT INTO public.tasks (id, created_at, finished_at, full_description, hours, short_description, assignee_email, author_email, project_id) VALUES (7, '2021-12-06 16:47:03.088209', null, 'I solemnly swear that I am up to no good.', 0.00, 'Crucio', 'h.potter@hogwarts.hp', 'a.dumbledore@hogwarts.hp', 4);
INSERT INTO public.tasks (id, created_at, finished_at, full_description, hours, short_description, assignee_email, author_email, project_id) VALUES (2, '2021-12-06 16:45:19.398424', null, 'Dark and difficult times lie ahead. Soon we must all face the choice between what is right and what is easy.', 0.00, 'Confundo', 'r.weasley@hogwarts.hp', 'r.weasley@hogwarts.hp', 4);
INSERT INTO public.tasks (id, created_at, finished_at, full_description, hours, short_description, assignee_email, author_email, project_id) VALUES (6, '2021-12-05 16:46:36.146000', null, 'Dark and difficult times lie ahead. Soon we must all face the choice between what is right and what is easy.', 0.00, 'Obliviate', 'r.weasley@hogwarts.hp', 'r.weasley@hogwarts.hp', 3);
INSERT INTO public.tasks (id, created_at, finished_at, full_description, hours, short_description, assignee_email, author_email, project_id) VALUES (3, '2021-12-04 16:45:37.453000', null, 'We’ve all got both light and dark inside us. What matters is the part we choose to act on. That’s who we really are.', 0.00, 'Lumos', 'a.dumbledore@hogwarts.hp', 'a.dumbledore@hogwarts.hp', 2);
INSERT INTO public.tasks (id, created_at, finished_at, full_description, hours, short_description, assignee_email, author_email, project_id) VALUES (1, '2021-12-05 16:44:56.539000', '2021-12-06 16:50:23.149802', 'There are some things you can''t share without ending up liking each other, and knocking out a twelve-foot mountain troll is one of them.', 10.00, 'Revelio', 'a.dumbledore@hogwarts.hp', 'a.dumbledore@hogwarts.hp', 2);
INSERT INTO public.tasks (id, created_at, finished_at, full_description, hours, short_description, assignee_email, author_email, project_id) VALUES (4, '2021-12-04 16:45:53.013000', '2021-12-05 16:51:09.384000', 'Harry, suffering like this proves you are still a man! This pain is part of being human...the fact that you can feel pain like this is your greatest strength.', 5.00, 'Expelliarmus', 'h.potter@hogwarts.hp', 'a.dumbledore@hogwarts.hp', 1);
INSERT INTO public.tasks (id, created_at, finished_at, full_description, hours, short_description, assignee_email, author_email, project_id) VALUES (5, '2021-12-06 16:46:19.048926', '2021-12-08 16:51:46.498000', 'Never trust anything that can think for itself if you can''t see where it keeps its brain.', 8.00, 'Confundo', 'h.potter@hogwarts.hp', 'h.potter@hogwarts.hp', 2);
